{
    "type": "origins:active_self",
    "name": "Carrot Lover",
    "description": "Creat carrots with the click of a button!",
    "cooldown": 40,
    "hud_render": {
        "should_render": true,
        "sprite_location": "origins:textures/gui/community/huang/resource_bar_02.png",
        "bar_index": 1
    },
    "key": {
        "key": "primary",
        "continuous": true
    },
    "entity_action": {
        "type": "origins:give",
        "stack": {
            "amount": 1,
            "item": "minecraft:carrot"
        }
    }
}